1_mean,0_mean,1_std,0_std
85.13293213888888,81.24179754054053,6.712673898987256,7.752430892170594
38.51677227777778,36.98851118918918,3.5059496429354033,3.5667904347706245
35.783783527777786,34.36344962162163,3.5246106230009397,3.493245246222029
52.68920644444445,50.86977027027027,4.807847730482632,4.534620097684377
46.82226772222222,45.17918383783784,4.166622225201229,4.505441571955143
54.93679952777778,52.99166567567568,5.108916099241323,5.357928392447326
55.506825000000006,53.66272437837839,5.06052769576596,5.407876733692496
47.52889469444445,46.0348221081081,4.287710883028965,4.395696805999536
35.98274544444445,34.92696124324323,3.1630423538037045,3.6083208311934025
