1_mean,0_mean,1_std,0_std
241.20600272727276,234.68514440625,15.613393068580402,14.985669277438639
313.64714954545457,309.4558678125,11.491072548538806,20.106688816779318
249.57078406060612,246.56177584374996,12.818178984398532,14.3696827614073
259.78283251515154,256.74028065625,13.874362061936075,12.051601724905654
