1_mean,0_mean,1_std,0_std
438.81142854545453,450.263898,31.771302307014736,41.94620020687062
567.6371243636363,572.997027225,27.30499626511937,24.22028106728799
323.5699444545455,319.12782665000015,16.33795729440387,16.454596568674
225.75567172727276,228.52949275,11.258041901491723,14.455364364784383
