1_mean,0_mean,1_std,0_std
35.6508653939394,33.315227393939395,4.606984279276302,3.953036622984806
43.488286969696965,42.03608466666667,4.204950807639254,4.594532357516232
51.273926606060606,49.61756984848485,5.652892630206486,5.028911844790357
27.739769151515155,27.441191545454544,2.557421775348113,2.3104226337959943
9.089901484848484,9.046825818181818,0.844805471604192,0.8607874613434452
49.33624854545455,48.966503454545446,3.3834016637375193,4.403294103821571
12.217374181818181,12.166770212121216,0.8284492098251803,0.7104741267973704
12.409630393939397,12.449373393939394,0.781741775500706,0.6897643422069026
