1_mean,0_mean,1_std,0_std
224.34549523076927,231.66036892000002,11.619206687807534,15.036143023703557
317.3720252307693,322.90839195999996,16.453747303492356,16.12467767031793
453.49304553846156,441.86649800000015,35.96321506265172,43.67919486437452
570.2768446153846,573.46765988,26.34511777197234,23.363387109079838
