1_mean,0_mean,1_std,0_std
40.59622554545455,43.84516595454546,3.322683550088084,4.548087101338139
9.182590954545454,9.01125,0.9329666461526794,0.8050699354806912
47.47526727272727,49.98943036363635,3.1560566877191194,3.9974931626737873
12.724400590909086,12.282052545454546,0.6821729851501266,0.7179475090790498
32.52915922727273,35.45998997727273,4.001512252759019,4.332138370378539
26.526821318181817,28.12230986363637,1.8622065210736631,2.512398708885349
48.58318654545455,51.37702906818183,5.426492971895012,5.15852870209054
12.442373136363637,12.066921727272728,0.7677878505479104,0.7425689651985942
