1_mean,0_mean,1_std,0_std
327.941002,380.004127,13.861197741269715,
441.68652468749997,500.771519,25.124433700273578,
359.864558,405.930408,21.369839132682603,
520.491689125,507.811882,22.529175417463524,
