1_mean,0_mean,1_std,0_std
22.784076606060612,21.8993045625,1.3826701294447896,1.357640698592371
22.81424912121212,23.248546468750003,2.185331081150059,2.634722560374689
24.546480666666664,23.7228099375,2.8866623630197332,2.2327892990547813
31.722774848484843,31.2397025625,2.2929327282830454,1.9570762829593833
32.08889406060605,31.699106875000002,2.849809932442884,2.9481237865156813
38.8231093939394,38.53511699999999,2.6202376076052487,2.9081658530820187
53.13650715151515,52.69652262499999,4.418255481839379,5.113711562856722
23.654692212121212,23.5206658125,1.784387684212759,2.1867271122603036
