1_mean,0_mean,1_std,0_std
35.6508653939394,33.31522739393938,4.606984279276301,3.9530366229848064
43.48828696969697,42.03608466666667,4.204950807639254,4.594532357516232
51.273926606060606,49.61756984848485,5.652892630206486,5.028911844790357
27.739769151515148,27.441191545454544,2.5574217753481125,2.310422633795994
9.089901484848482,9.046825818181818,0.844805471604192,0.8607874613434452
49.336248545454545,48.96650345454546,3.3834016637375175,4.403294103821572
12.217374181818181,12.166770212121213,0.8284492098251806,0.7104741267973702
12.409630393939393,12.449373393939394,0.7817417755007057,0.6897643422069026
