1_mean,0_mean,1_std,0_std
62.79461630000001,68.90436715384617,8.737745171593746,8.43076661051804
73.648064,76.56437169230769,8.190106769077486,7.9867621243385685
59.49626769999999,57.71882453846153,5.445047183076744,5.104889561576955
83.5453014,86.05361738461536,10.335669251212966,7.430608561197637
61.395908999999996,59.913755153846175,5.7681947878960536,4.88932432015839
57.8957956,59.498095000000006,6.704975392665281,4.695082533885851
76.487071,77.90210253846152,5.624622061377387,8.326498466247765
