1_mean,0_mean,1_std,0_std
626.7034813076923,679.3541544444446,25.08756030505651,28.798563836880508
640.3248704615385,649.2025955555556,21.959572164720594,23.1491606691261
574.2851699230768,582.291745888889,21.569345973649654,27.624029273462916
400.4943585384616,409.0481931111111,25.680030096993093,25.00733365528746
