1_mean,0_mean,1_std,0_std
333.4423048529412,339.8285452692308,20.886071005839355,17.6606062490387
468.1011508235295,465.8947511538462,24.563023841753875,27.359859771467235
354.09195326470586,353.9728732692307,21.213340374513212,18.00484832628849
363.58747491176473,363.7815401153846,21.056987642920266,21.699881382382294
