1_mean,0_mean,1_std,0_std
451.6886618571429,437.4262654210526,19.22480426171093,30.28497395662486
526.7842985,515.1876713157895,21.390628659480562,22.183715403277844
327.0698412857143,331.3230743684211,10.15767213965402,19.857007130072304
361.4463461428571,361.12354831578955,19.662416067744786,24.930738051775723
