1_mean,0_mean,1_std,0_std
37.764830444444456,34.17994354545455,3.283628227090815,3.2010588572622334
39.99868455555556,37.00367989090909,2.367073462913453,3.6360254281161617
57.80891116666666,53.51283819999999,4.170892122065778,5.2088850263092406
37.54261066666667,34.76198927272727,2.8357268259743593,3.326849475252442
54.39640977777778,50.90650101818183,4.17984723415822,4.609810263327494
86.73652244444443,81.99044840000002,5.0485741624181895,7.791495493890736
49.16849277777777,45.98719558181818,3.710853562241684,4.321425070287522
56.83526138888888,53.00694014545455,3.9841701695161063,5.353135833683317
48.13027222222222,45.28884618181818,3.007806774727383,4.563057767279764
