1_mean,0_mean,1_std,0_std
22.204193454545454,23.44956865116279,2.740926435875229,2.131072570203591
22.106916545454546,22.47209558139535,1.3143700083568095,1.486556841735357
39.26555081818181,38.38242409302326,2.796806327431595,2.7063110183328005
23.272675454545457,23.750402069767446,2.077822032113313,1.929904886776047
24.39999954545455,24.008460232558136,2.515654655305675,2.659609339984037
32.131539636363634,31.777001209302334,2.8588077097397884,2.9209030424210876
53.124174909090904,52.815386325581386,5.504783240694507,4.366334254940412
31.467272909090912,31.494001116279062,1.7314218654303142,2.3289196446410347
