1_mean,0_mean,1_std,0_std
62.79461630000001,68.90436715384617,8.737745171593744,8.43076661051804
73.64806399999999,76.56437169230769,8.190106769077484,7.986762124338566
59.49626769999999,57.71882453846153,5.445047183076745,5.104889561576955
83.5453014,86.05361738461536,10.335669251212966,7.430608561197636
61.395908999999996,59.913755153846175,5.768194787896047,4.889324320158391
57.8957956,59.49809500000002,6.704975392665276,4.695082533885852
76.487071,77.90210253846152,5.624622061377389,8.326498466247765
